{
    "xgboost": {
        "model": "XGBoost",
        "threshold": 0.00015284163237083703,
        "precision": 0.09480207177210506,
        "recall": 0.9771210676835081,
        "f1_score": 0.1728353427198381,
        "roc_auc": 0.9744770114279466,
        "pr_auc": 0.19782001315559322,
        "confusion_matrix": [
            [
                97380,
                9787
            ],
            [
                24,
                1025
            ]
        ]
    },
    "lstm_autoencoder": {
        "model": "LSTMAutoencoder",
        "threshold": 0.019940715094839658,
        "precision": 0.16301907968574636,
        "recall": 0.30482686253934943,
        "f1_score": 0.2124314442413163,
        "roc_auc": 0.8268816088399875,
        "pr_auc": 0.16224929004606425,
        "confusion_matrix": [
            [
                92253,
                8949
            ],
            [
                3975,
                1743
            ]
        ]
    },
    "ensemble": {
        "model": "Ensemble",
        "threshold": 0.06737457818400003,
        "precision": 0.08538163001293661,
        "recall": 0.880838894184938,
        "f1_score": 0.15567349001769015,
        "roc_auc": 0.9513387794214749,
        "pr_auc": 0.15254679251922304,
        "confusion_matrix": [
            [
                97269,
                9898
            ],
            [
                125,
                924
            ]
        ]
    }
}